playlist_id,playlist_name,playlist_total_tracks,owner_id,owner_name,total_followers
65LdqYCLcsV0lJoxpeQ6fW,TikTok Songs 2022 | Tik Tok Hits | Viral Hits ,300,43xzlwfo0tft7hn5r5e6dksrd,LoudKult,1927993
57EG9lWmdn7HHofXuQVsow,TikTok Music 2022 | TikTok Songs | TikTok Hits,200,21ifzjxggdajdpc4w6iqxslkq,Soave,1271125
0JFatPoPq82gNcPa4esOzj,TikTok songs you can‚Äôt get out of your head | 2022 TikTok songs ,101,filtr,Filtr,1070515
0uqvdRxLapFl6omBnkkLx9,slowed + reverbed tiktok songs 2022,274,xbdq7aotyh862s0xlry2kzndo,Relaxing Sounds,467154
3HGejOHMRNkjZgjeH2W3UG,Sped up TikTok Songs 2022,152,hrsdhaeyyirqp9qj8j52ibl3s,MusicUp2Date,204042
0TSlZBUJACjsdyptBU7AYQ,tiktok remixes / viral tiktok sounds (for edit),91,thtz8wom3n2vq3f9m531h13lu,TIDE UP,178407
7ir419vfZESRBL6QBh0A0f,TikTok & Triller Hits,35,2ifb38d8vdvr8nbboywsctgng,Embassy Music,170206
4sQRT2zDzaMk92Fw75TZHn,Sped up songs 2022 - Speed up audios speed up songs - sped up tiktok songs - sped version,100,faquqbxdjf682tkdknkbf8hlx,New Tunes,148988
1T3sDN0j3hzg6NE3dbiSmX,sad tiktok songs 2022,101,digster.au,Digster AU,138984
0SRdjSDz4RsuozwHv1zhvr,Best TikTok Viral Songs 2022 ‚ö°Ô∏è,150,boxoyvip,Kalon Records,111238
0dca82VPfnpYXT6j3zebTG,‚ú®anime tiktok songs‚ú®,130,ex7n4wnlsrmoy9xj58upkif98,Sean Martin,110755
2afyAZrsG3tbJk6r5Fus3Q,TikTok Dance 2022 - Tiktok Today,170,22pxwkgl6u2w46sgeuyjo3f7y,Susie Susie,104745
1xVDh6mEzgkBzLLal6Nm6Q,TikTok 2022,80,315rtxtfy72ayuhihlx5akds5e7m,Toxter,100637
3uR9m4ejbsm211PgNxN1DN,TIKTOK 2022 Trending Viral Music Hits Song - Philippines Pinoy,757,1270759228,Dominic Eslava,92002
2YGNWXyvIMkCT9waWIRgvc,TikTok Songs 2022‚ö°Ô∏è| My money don‚Äôt jiggle jiggle| Ludacris x Kylie tiktok |Sped up tiktok songs 2022,100,hrsdhaeyyirqp9qj8j52ibl3s,MusicUp2Date,84512
6Huya6fryaAaUwUT5HXAhy,tiktok october 2022,103,95d4mhi613jodi7e4rs1ftrui,Aksha Mathivathan,66889
5mU7k6P89yO01Mx5tiqdx6,TikTok 2022üö®| Hit you with the blick tiktok | Cola TikTok | super freaky girl x luxurious tiktok,75,hrsdhaeyyirqp9qj8j52ibl3s,MusicUp2Date,65406
3ExlfBOKobyziUW8nlG37K,Aesthetic TikTok Songs,71,goldenhourmusic,goldenhourmusic,61088
3CV4m7gpnCjTYPqcPoI2dc,"TIKTOK TRENDING / OCTOBER 2022 üéµ (Mommy Dont Know Daddys Getting Hot Unholy, FREK Im A Movie I Should Be On Replay, You Thought I Was Feelin You, Imagine If I Listened What A Hater Gotta Say Big Mad)",141,umim47e89d5ca7jbo51ooz1hq,VIZIER,58864
1cJhRnEsGHCrlCS8FG7lXZ,TikTok 2022 - Trending Tik Tok Songs - Best Dances Worldwide - Viral Music Hits,100,novalightofficial,novalightofficial,55512
2daSvfEmKVRcXMMuf5lAhx,Tik Tok Remixes 2022 ‚ö°Best TikTok Remixes 2022,111,electrifymusic,Electrify Playlists,52751
3QFNCNZddzPSQkQdfOgOks,Gym Hardstyle TikTok,126,bgubspe6z88uw2pfirvb5t5y3,gym beast,50125
60KDdTqB8GGYNfhoNKjCCT,tiktok songs,124,goszsqn3orrpa19eoopdccmuc,you,41214
3PeGMQ1har0Eli2Zg94Qgj,Sad tiktok audios,157,rkjjfg4pasx759nbt06ukqgjk,Marsh,40927
5keI5aYDgrx4JfOl7Mzc4s,Sigma Male Music {TikTok},122,uen1h796lu30q1rwd0e3opw1m,aep.grima,28198
1h6jQSNxu4OabpJfz3cagK,TIKTOK LATINO TRENDS üî¥,49,o4ykmksptsl6c4sajhd6yzkgd,Ian Jos√© A.,26937
0Xl2kMHfQ1hsIxQfDlrKmM,TikTok Mashup Dance Craze Philippines Playlist,37,qbr3g1av4i0pb0bm7kmkp5spf,DJ Jorbs,26680
1H3AmBXPtLgPOwwf1WvUYb,Best TikTok Songs 2019 - 2022,137,thevibeguide,The Vibe Guide,26161
5vI79KVULFetkDQA6jxEJR,TikTok Phonk Music 2022,158,xfc0xcgzah4dwht454x3gda3l,Gloamed,24683
1RI3ZMP74dsPQ22elSRRxk,"tiktok songs 2022 ü¶ã snapping 1, 2 where are you ‚≠í running up that hill ‚≠í it's corn! ‚≠í angeleyes",67,z7fq8mspv729rd0r36i0qt10c,LIV,24386
3ZmNoPkMukpqRD63wQY5UX,TikTok Trending 2022 ,134,toughstuff!music,Tough Stuff! Music,24300
0K7YrYp62n4vttlIe2NMHy,songs ruined by tiktok.,661,6bq9nhet17nzindiavelsqn7y,emily,22632
1RlILVxJt1ExaekYLflVZh,TikTok Songs 2022üí´ | Bota tiktok | Baddest of them all tiktok | I wanna ride sped up tiktok,66,hrsdhaeyyirqp9qj8j52ibl3s,MusicUp2Date,21604
6OBYnae082CNxpE7QWNTjN,tiktok remixes/ edit sounds :),164,q9zz95tugjo7bsg06hvda08wq,helene,19367
4hDa4Us8I1iYdNOScEjWgv,TikTok Violin Covers,25,fn7116zbpbymuakudabu8iw99,Joel Sunny,17622
4Q6O0fhJQZy5NCjPdYvk51,sad piano tiktok,135,mbgvn2ocagxf3c9exgmxrwcg4,klowedonn,16254
1s8kIc48zT8P7fe2IWNUnA,Tiktok Hits Philippines 2022 üíÉüï∫,168,jyhra99st5nhex8kfo4um2dh7,buntala,16177
2iPPxw0INFHo9TLWvmyKvH,sped up tiktok songs,200,thefortnitettv,trevor.rts,15274
6cpLipVYWZt26tRiyYLUpu,sad songs used for tiktok edits,96,f5w5poxv0gcx9go5l8mpwvxep,bianca <3,13730
4P5Cf95XzzUpaTGkmovo5r,TIKTOK EDITS,294,dzb8iglaz8wkbskaifcvoyn3r,@_davidthecreator ig,12658
5vYqPoRS3bILmfRd3cpqHG,TikTok songs <3,115,4jfii9br4hyf95gp98ppfi0ys,·•´·≠°,12067
0ZJa0ZpsJjZ58OGTLAvVtv,SLOWED TIKTOK 2022,88,hrsdhaeyyirqp9qj8j52ibl3s,MusicUp2Date,11994
3wzH9DGoMjuE63oyP1WkW6,Tiktok Songs,204,31axn2gb2ri6lfhp6xicxcx7wnou,Riz üñ§,11449
4O77TD3uISefqd9AwW7sOy,those sad tiktok songs ,156,1259464877,pinksun,10179
0ePPW2ZeGo30MjFG6itcPG,Clean TikTok Hits 2022‚ú®‚ú®,199,or61qz5w8vna4urp4uqmmvax3,Love Bedroom Pop,9819
2z6Du32gsaK0TzGS6cWfYb,Reels TikTok Gym üî±üí™üèº,175,cdca12mx,Carlos Contreras,9328
1REehkc8e4ENetY95ACdNT,BRAZIL FUNK & TikTok 2022 üáßüá∑ ,103,h7gi8s63bnmenvuv3tbmupj3i,Xhiba,9117
2ovaSUzPHenAAzx9Foc0Ln,TIKTOK GYM SONGS,157,lepzei,ü§πüèΩ‚Äç‚ôÄÔ∏è,8860
0YDxJrNrw3WtmnR8C8LEeM,quarantine (tiktok 2020) ,294,mt4lusx27o7zjd9ailmzgtvm5,lanawoychuk,8801
0WsZqzTiCYqS6SDsu7TNlR,Tiktok edit audios 2022,121,1130288455,Scar üíã,8661
0BkXMRCOP6LVyTYUukVf6B,TikTok Dances (2019-2020),36,wfs4ldmg88f2r4za2emvsv5q0,LCC,7993
2fCgUTZ4alKoCqRE6iW8Bg,Love songs i found in Tiktok,41,jswco6dkeyihfcromokhcj2q9,Lilsbasket,7122
4h9qPsC44MO2OhxYtg644D,Lana del Rey tiktok songs<3,28,xb9f6uzz40ueexkfktokjv8jg,xinnalp,6900
6Mi66iWTGNguHAx6wa3aup,Tiktok dance Challenge (tagalog/english),32,31ndq3icvrsfnnlnql5havbsacvm,Judith Abulencia,6482
50yOd8j0Vgohfh9JZhRqc7,TikTok Top Songs Japan,20,1ucyhk6w8wbroukcd2i9qp33g,TikTok JapanÂÖ¨Âºè,6437
3WJTxB4dXK3zF3ogW5HWgy,„ÄêTikTok„Äë‰∫∫Ê∞ó„ÅÆÊ¥ãÊ•Ω 2022Âπ¥10ÊúàÁâà,88,yyuwww,„Å™„Åπ,6241
1vCL7wvW5FJ5HScG2UTG5D,TIKTOK 2022 : BEST OF OCTOBER 2022 HITS (REMIXES & COVERS 2022),200,partyfiesta!,partyfiesta!,5810
3i2pjPvqcCKdsedzm1tHGv,TikTok Music 2022 - Best Tik Tok Songs & TikTok Hits - TikTok Charts,55,5wi87sgd8qz0wa2nhozzbwq74,Sounds of Someday | SOS,5613
3y1lHOjPWowT1QWwDtF9xr,TikTok mashups,239,5v50ix2cdgvmrhtj6g89fifwj,‚ô•Ô∏éScar-san‚ô•Ô∏é,5401
6WNiDgUxRCvx6MjjZe5EzK,slowed + reverbed tiktok songs,60,31h6jxmo4ancvov2csa43eeezqau,hntr,5229
7FaYDZ7zNTZn1v2YuCIsQc," TikTok Dances 2022 - Cool for the summer, wait a minute, fallin in love, over, love me back",90,jvryzwvlbf5a9pkuvwwkhcg4m,Inxane,5226
5YGKIOyuR3kNQfMxUVO3l3,creepy/scary tiktok music,363,0u9zyv7bv3oomiruckeaq7kcm,mocha,4571
1DBNxuoCtqHMMWuf1wmcMH,Tiktok Motivation Songsü•∂üòà,27,31xwggiw3j33vbiv2zxvz62bbmla,Emmanuel Iba√±ez,4433
3jwryb0C1DIE8QArFPYhW3,TikTok Rap Songs,315,dvagnb8spc28pcdoamkq1479m,Membrives,3993
679OCAXx9AUhiFmJumD79z,Warzone tiktok songs,31,31tkkzq6za2vdbdfevzyogqssmzm,Tiktok_swy,3734
0TxZPGKAt77YEi93mzd5pY,Desi TikTok // Brown TikTok,49,4lw6etqkt1h27mx12tnyglzwp,Bismah,3151
0J2eJHTfWjYswcxw5ej44a,popular tiktok songs,258,tdieuhientran,dixuhien,3132
4hQRW6HZET26vbBSFZDjpp,TikTok Ê¥ãÊ•Ω (Áµ∂ÂØæÁü•„Å£„Å¶„Çã),169,uv5jl3hjtbw5kcqjrldc48yzq,ÔΩ∂ÔæÖT,3065
2JnAi0Uun3sy0ZqCmZKerm,TikTok „ÉÄ„É≥„Çπ„É°„Éâ„É¨„ÉºÔºà2021~2022Âπ¥verÔºâ,80,eg5097loqm20k4mnrujnomgla,üëæ,2843
7jCBPNsrXAP78U0ZURXH8g,Tiktok edit audios üé∏,134,milliekeel097786,sauronsays,2782
0K0P7kSEduMtNgOgqkDp5S,üî•Tiktoküî•,214,313oeoenh7zluird6izcm3rbflxa,Luiz7z,2708
2a0UuNHgBQtpGVP3gRIDmk,Tiktok edit audios 2022,106,gx1056xyo9hykjj69gbja6kfl,c0lderbee,2702
1f70YPLgU2qRFFL9NxNVGp,those sad tiktok sounds:/,94,j59we2six6bfequ0m02aam3f5,tere,2567
4qfKXdLwk7ruT8uM6sdVXq,tiktok love songs 2022,156,or61qz5w8vna4urp4uqmmvax3,Love Bedroom Pop,2375
61oEALt4q4knkIgMg6l4C6,Top Hits Lagu Barat Viral TikTok,40,wlpz5cjwb9f04p19ys3r0xxix,GexMusic,2363
1XRGy9ZBFmIzi4igGHfeY3,A TRAIN TIKTOK,53,dzb8iglaz8wkbskaifcvoyn3r,@_davidthecreator ig,1988
66bZau1gyVVsapUAfgmT9u,SOCCER TIKTOK MUSIC‚ù§Ô∏è‚Äçüî•‚ù§Ô∏è‚Äçüî•‚öΩÔ∏è‚öΩÔ∏è,32,henrikhugi,Henrik Hugi üêê,1972
4SKXHjXwNPydxW4MMgwMT3,tiktok songs october 2022,47,jfpwlc1thfqqmyt9g9j9bl1uh,gabbygong,1971
1uqg7LKZoxJMmIBsPlf18z,TIKTOK dances,125,carol_151,it‚Äôs Ana Caroline,1789
23yXL9lMv6F4XDIvqClH17,TikTok Songs (2019-2020-2021) ,585,vo84x6x89kv9xmbus9adiyy8z,durubabapro_pubg31,1588
1kBQA4xeI7mhw7jKXAY3wY,it‚Äôs corn (tiktok song) ,44,xjvrn06bvot1pj0hn57ve2dps,icey,1495
5J9AwRN29QJunf6LQFbtam,real. (tiktok slideshows),42,tycpo5xw0rxds07pjvp5gvcc2,raynix,1356
7fIKkNHZNF2fF4HCTT9tsQ,you're in a tiktok edit,65,22wvxun4vanrzgmlngubg4sby,nads.,1178
424PrvtwzJnQuxtyCBBs8k,TikTokÔºÅ(„É©„ÉÉ„ÉóÁ≥ªÔºâ,17,mt394cpadzcd14toiz4zmk3yq,„Åæ„ÄÇ,1000
2DmAHhycUAS1KT8V9JFqrR,Tiktok hits 2022 üçî Best tiktok songs ~ Tiktok mashup 2022,26,hbinms23mzm1d6vxxywji19um,Love Life Lyrics,994
7LgIeUen0JfUqWhHiIpxEd,üöútiktok countryü§†,346,12169138054,Patty Irene Hymes,798
0xtQ4vJE4mamB4j1G9bH3u,TIKTOK,99,dutcher_lines,dutcher_lines,774
1b6ozUuarVVk0TQYwaTmUE,TikTok Gym Edit Audios,298,12163768380,Angelo,746
2JXzb6fZPoUifeCXR6Js24,"TIKTOK PHONK ( TikTok phonk edit audio, edit audio, phonk) ",23,31nlivfafazr2ozrzr3eizikchje,sashimi,668
1KFM3rbqqhEWlFaPRKl1ZD,Tiktok Dance craze 2022,91,22kuhsh2fgvyzll2psyduqdia,CJ,533
5OJ1qROBZMx8bBKvR6qA9K,Those vent tiktok videos,58,31p7nl2onlplpwukmenpcjmdx5u4,DOUBLE HAT PERSON,450
7x5JhqdQjvCM0FknM9VilX,TikTok Internacionais 2022 üî• TikTok 2022 Novas,96,filtr.br,Filtr Brasil	,388
